Workbook

Sheet 캐릭터
A1: AVSR 캐릭터(호스트) — 속성별
A2: 힘 → 날 → 술 → 힘 (이기는 쪽을 때리면 피해 +30%, 지는 쪽은 −30%). 각 속성 머리줄의 [-] 를 누르면 접힌다. 값은 게임 표(HostTable · GameConfig · 스킬 표 · 방 110칸)에서 뽑았다 — 2026-10-06.
A4: 속성 | B4: 이름 | C4: 키 | D4: 등급 | E4: 직업 | F4: 공격 방식 | G4: 체력 | H4: 초당 피해 | I4: 한 방 | J4: 초당 횟수 | K4: 이동(m/s) | L4: 치명타 | M4: 방어 | N4: 사거리(m) | O4: 데뷔 챕터 | P4: 방 등장 | Q4: 답 횟수 | R4: 답 비율 | S4: 액티브 | T4: 액티브 설명 | U4: 패시브 | V4: 패시브 설명 | W4: 역할 | X4: 비고
A5: 날 | B5: 날 — 술을(를) 이긴다 · 힘에 진다 | C5: =COUNTIFS(X6:X13,"<>숨김*")&"명" -> 7명 | G5: =AVERAGEIFS(G6:G13,$X$6:$X$13,"<>숨김*") -> 166.42857 | H5: =AVERAGEIFS(H6:H13,$X$6:$X$13,"<>숨김*") -> 37.085714 | I5: =AVERAGEIFS(I6:I13,$X$6:$X$13,"<>숨김*") -> 10.142857 | J5: =AVERAGEIFS(J6:J13,$X$6:$X$13,"<>숨김*") -> 3.8457143 | K5: =AVERAGEIFS(K6:K13,$X$6:$X$13,"<>숨김*") -> 4.54 | L5: =AVERAGEIFS(L6:L13,$X$6:$X$13,"<>숨김*") -> 0.17 | M5: =AVERAGEIFS(M6:M13,$X$6:$X$13,"<>숨김*") -> 0.12857143 | N5: =AVERAGEIFS(N6:N13,$X$6:$X$13,"<>숨김*") -> 5.7857143 | P5: =SUM(P6:P13) -> 61 | Q5: =SUM(Q6:Q13) -> 38 | R5: =IF(P5=0,0,Q5/P5) -> 0.62295082 | S5: 잡몹: 박쥐 · 순찰기 · 폐품 사수 | U5: 보스: 파이썬 · 킹핀
A6: 날 | B6: 갱스터 | C6: gangster | D6: B | E6: 원거리 | F6: 단발 | G6: 165 | H6: 37.4 | I6: 13 | J6: 2.8 | K6: 4.54 | L6: 0.23 | M6: 0.09 | N6: 7.5 | O6: 1 | P6: 8 | Q6: 7 | R6: =IF(P6=0,0,Q6/P6) -> 0.875 | S6: 일제 표식 | T6: 방 안 모든 적에게 3초 표식 | U6: 처형 계약 | V6: 표식 붙은 적을 20% 로 즉사(엘리트 체력 50% · 보스 30% 한 방) | W6: 저격수 · 보스 사냥꾼 | X6: 시작 몸
A7: 날 | B7: 호퍼 | C7: hopper | D7: B | E7: 원거리 | F7: 단발 | G7: 165 | H7: 37.4 | I7: 13 | J7: 2.8 | K7: 4.76 | L7: 0.29 | M7: 0.06 | N7: 7.8 | O7: 1 | P7: 9 | Q7: 3 | R7: =IF(P7=0,0,Q7/P7) -> 0.33333333 | S7: 정조준 | T7: 5초간 치명타 확률 90% | U7: 급소 | V7: 치명타 피해 +30% | W7: 치명타 특화
A8: 날 | B8: 닌자 | C8: ninja | D8: A | E8: 원거리 | F8: 단발 | G8: 165 | H8: 39.6 | I8: 9 | J8: 4.17 | K8: 4.76 | L8: 0.23 | M8: 0.06 | N8: 7 | O8: 3 | P8: 8 | Q8: 7 | R8: =IF(P8=0,0,Q8/P8) -> 0.875 | S8: 그림자 분신 | T8: 5초간 적이 전부 분신을 노린다 | U8: 질주 | V8: 잡으면 1.5초 이동 +30% | W8: 어그로 빼기
A9: 날 | B9: 폭력배 | C9: thug | D9: B | E9: 중거리 | F9: 단발 | G9: 165 | H9: 35.2 | I9: 8 | J9: 4.17 | K9: 4.32 | L9: 0.11 | M9: 0.15 | N9: 5.8 | O9: 2 | P9: 7 | Q9: 3 | R9: =IF(P9=0,0,Q9/P9) -> 0.42857143 | S9: 난사 | T9: 1초간 3방향 | U9: 삥 | V9: 주운 골드 +10% | W9: 파밍
A10: 날 | B10: 호퍼(기관단총) | C10: hopper_smg | D10: A | E10: 중거리 | F10: 연사 | G10: 165 | H10: 39.6 | I10: 8 | J10: 5.09 | K10: 4.76 | L10: 0.08 | M10: 0.09 | N10: 5.4 | O10: 2 | P10: 10 | Q10: 6 | R10: =IF(P10=0,0,Q10/P10) -> 0.6 | S10: 도약 강습 | T10: 가장 먼 적에게 뛰어들고 2초 무적 | U10: 충격 반동 | V10: 10% 로 밀어낸다 | W10: 기동 연사
A11: 날 | B11: 코만도(기관총) | C11: commando_mg | D11: B | E11: 중거리 | F11: 연사 | G11: 165 | H11: 35.2 | I11: 7 | J11: 5.09 | K11: 4.32 | L11: 0.08 | M11: 0.27 | N11: 5.6 | O11: 2 | P11: 9 | Q11: 5 | R11: =IF(P11=0,0,Q11/P11) -> 0.55555556 | S11: 방벽 전개 | T11: 5초간 최대 체력만큼 쉴드 | U11: 중장갑 | V11: 방어 +20% | W11: 버티는 연사
A12: 날 | B12: 아마존 | C12: amazon | D12: B | E12: 근거리 | F12: 근접 | G12: 175 | H12: 35.2 | I12: 13 | J12: 2.8 | K12: 4.32 | L12: 0.17 | M12: 0.18 | N12: 1.4 | O12: 1 | P12: 10 | Q12: 7 | R12: =IF(P12=0,0,Q12/P12) -> 0.7 | S12: 도약 강타 | T12: 가장 가까운 적에게 뛰어들어 둘레 300% | U12: 쉴드 질주 | V12: 쉴드가 찰수록 빨라진다(최대 +40%) | W12: 돌격 | X12: 평타 치명타 없음
A13: 날 | B13: 아마존 정예 | C13: amazon_elite | D13: A | E13: 근거리 | F13: 근접 | G13: 195 | H13: 37.4 | I13: 16 | J13: 2.3 | K13: 4.32 | L13: 0.2 | M13: 0.27 | N13: 1.6 | O13: 5 | P13: 0 | Q13: 0 | R13: =IF(P13=0,0,Q13/P13) -> 0 | S13: (미정) | T13: 스킬 보류 | U13: 역전의 자세 | V13: 쉴드가 남은 동안 공격력이 오른다 | W13: — | X13: 숨김(게임에 안 나온다)
A14: 힘 | B14: 힘 — 날을(를) 이긴다 · 술에 진다 | C14: =COUNTIFS(X15:X21,"<>숨김*")&"명" -> 7명 | G14: =AVERAGEIFS(G15:G21,$X$15:$X$21,"<>숨김*") -> 173.57143 | H14: =AVERAGEIFS(H15:H21,$X$15:$X$21,"<>숨김*") -> 36.771429 | I14: =AVERAGEIFS(I15:I21,$X$15:$X$21,"<>숨김*") -> 16 | J14: =AVERAGEIFS(J15:J21,$X$15:$X$21,"<>숨김*") -> 2.3228571 | K14: =AVERAGEIFS(K15:K21,$X$15:$X$21,"<>숨김*") -> 4.3514286 | L14: =AVERAGEIFS(L15:L21,$X$15:$X$21,"<>숨김*") -> 0.19571429 | M14: =AVERAGEIFS(M15:M21,$X$15:$X$21,"<>숨김*") -> 0.17142857 | N14: =AVERAGEIFS(N15:N21,$X$15:$X$21,"<>숨김*") -> 5.4571429 | P14: =SUM(P15:P21) -> 57 | Q14: =SUM(Q15:Q21) -> 36 | R14: =IF(P14=0,0,Q14/P14) -> 0.63157895 | S14: 잡몹: 집행자 · 십자 포탑 | U14: 보스: 로봇 스네이크 · 크러셔 · 가디언
A15: 힘 | B15: 코만도(미사일) | C15: commando_missile | D15: A | E15: 원거리 | F15: 단발 | G15: 165 | H15: 39.6 | I15: 21 | J15: 1.88 | K15: 4.32 | L15: 0.26 | M15: 0.15 | N15: 8.5 | O15: 5 | P15: 5 | Q15: 3 | R15: =IF(P15=0,0,Q15/P15) -> 0.6 | S15: 다중 유도 | T15: 8발이 한 대상으로 | U15: 고폭탄 | V15: 지형 무시 | W15: 한 방이 가장 무겁다 · 단단한 한 놈
A16: 힘 | B16: 코만도(레이저) | C16: commando_laser | D16: A | E16: 원거리 | F16: 관통 | G16: 175 | H16: 37.4 | I16: 16 | J16: 2.3 | K16: 4.32 | L16: 0.2 | M16: 0.12 | N16: 8.2 | O16: 4 | P16: 6 | Q16: 4 | R16: =IF(P16=0,0,Q16/P16) -> 0.66666667 | S16: 연쇄 방전 | T16: 3초간 주변 적에게 전기가 튄다 | U16: 집속 광선 | V16: 지형을 무시하고 관통 | W16: 줄 선 적을 벽 너머로
A17: 힘 | B17: 로봇 | C17: robot | D17: A | E17: 원거리 | F17: 관통 | G17: 185 | H17: 35.2 | I17: 15 | J17: 2.3 | K17: 4.1 | L17: 0.11 | M17: 0.24 | N17: 8.2 | O17: 2 | P17: 11 | Q17: 8 | R17: =IF(P17=0,0,Q17/P17) -> 0.72727273 | S17: 포탑 전개 | T17: 10초간 자동 포탑 | U17: 예비 회로 | V17: 평타가 2% 로 액티브 쿨 −1초 | W17: 체력 1위 원거리 · 포탑과 둘이
A18: 힘 | B18: 코만도(수류탄) | C18: commando_grenade | D18: B | E18: 원거리 | F18: 확산 | G18: 165 | H18: 37.4 | I18: 20 | J18: 1.88 | K18: 4.32 | L18: 0.23 | M18: 0.09 | N18: 7.4 | O18: 1 | P18: 12 | Q18: 10 | R18: =IF(P18=0,0,Q18/P18) -> 0.83333333 | S18: 융단 폭격 | T18: 수류탄 5발 부채꼴 | U18: 파편탄 | V18: 상대 방어 50% 무시 | W18: 뭉친 떼 · 단단한 적
A19: 힘 | B19: 구루 | C19: guru | D19: B | E19: 근거리 | F19: 광역 | G19: 175 | H19: 33 | I19: 14 | J19: 2.3 | K19: 4.54 | L19: 0.14 | M19: 0.3 | N19: 2 | O19: 2 | P19: 10 | Q19: 5 | R19: =IF(P19=0,0,Q19/P19) -> 0.5 | S19: 수호 결계 | T19: 3초간 받는 피해 −50% · 쉴드 2배 | U19: 무형보 | V19: 걸을 때 지형 통과 | W19: 가장 단단한 몸 | X19: 평타 치명타 없음
A20: 힘 | B20: 닌자(사슬) | C20: ninja_chain | D20: A | E20: 근거리 | F20: 광역 | G20: 175 | H20: 37.4 | I20: 13 | J20: 2.8 | K20: 4.54 | L20: 0.17 | M20: 0.12 | N20: 2.2 | O20: 4 | P20: 6 | Q20: 4 | R20: =IF(P20=0,0,Q20/P20) -> 0.66666667 | S20: 사슬 결박 | T20: 방 안 모든 적 5초 묶음 · 묶인 적은 더 아프다 | U20: 흘리기 | V20: 10% 로 피해를 통째로 흘린다 | W20: 방 전체를 세운다 | X20: 평타 치명타 없음
A21: 힘 | B21: 슬러거 | C21: baseball | D21: A | E21: 근거리 | F21: 광역 | G21: 175 | H21: 37.4 | I21: 13 | J21: 2.8 | K21: 4.32 | L21: 0.26 | M21: 0.18 | N21: 1.7 | O21: 4 | P21: 7 | Q21: 2 | R21: =IF(P21=0,0,Q21/P21) -> 0.28571429 | S21: 전탄 반사 | T21: 5초간 탄을 되받아친다(더 아프게) | U21: 장외 타구 | V21: 막타에 20% 로 주변을 날린다 | W21: 탄막 방의 답 | X21: 평타 치명타 없음
A22: 술 | B22: 술 — 힘을(를) 이긴다 · 날에 진다 | C22: =COUNTIFS(X23:X30,"<>숨김*")&"명" -> 8명 | G22: =AVERAGEIFS(G23:G30,$X$23:$X$30,"<>숨김*") -> 173.75 | H22: =AVERAGEIFS(H23:H30,$X$23:$X$30,"<>숨김*") -> 37.125 | I22: =AVERAGEIFS(I23:I30,$X$23:$X$30,"<>숨김*") -> 16 | J22: =AVERAGEIFS(J23:J30,$X$23:$X$30,"<>숨김*") -> 2.3825 | K22: =AVERAGEIFS(K23:K30,$X$23:$X$30,"<>숨김*") -> 4.32 | L22: =AVERAGEIFS(L23:L30,$X$23:$X$30,"<>숨김*") -> 0.17375 | M22: =AVERAGEIFS(M23:M30,$X$23:$X$30,"<>숨김*") -> 0.11625 | N22: =AVERAGEIFS(N23:N30,$X$23:$X$30,"<>숨김*") -> 6.575 | P22: =SUM(P23:P30) -> 66 | Q22: =SUM(Q23:Q30) -> 36 | R22: =IF(P22=0,0,Q22/P22) -> 0.54545455 | S22: 잡몹: 해골 · 코일 보행기 | U22: 보스: 슬러지
A23: 술 | B23: 화이트 위저드 | C23: white_wizard | D23: B | E23: 원거리 | F23: 관통 | G23: 165 | H23: 37.4 | I23: 16 | J23: 2.3 | K23: 4.32 | L23: 0.14 | M23: 0.12 | N23: 8 | O23: 2 | P23: 11 | Q23: 6 | R23: =IF(P23=0,0,Q23/P23) -> 0.54545455 | S23: 광휘 확산 | T23: 8방향 광탄 | U23: 관통 광선 | V23: 지형 무시 관통 | W23: 둘러싸였을 때 · 줄 선 적
A24: 술 | B24: 설녀 | C24: snowwoman | D24: B | E24: 원거리 | F24: 확산 | G24: 165 | H24: 35.2 | I24: 13 | J24: 2.8 | K24: 4.54 | L24: 0.17 | M24: 0.12 | N24: 7.3 | O24: 3 | P24: 8 | Q24: 4 | R24: =IF(P24=0,0,Q24/P24) -> 0.5 | S24: 얼음 감옥 | T24: 1초간 무적 + 체력 30% 회복 | U24: 서릿발 | V24: 30% 로 빙결 · 언 적은 더 아프다(보스 제외) | W24: 버티기 · 묶기
A25: 술 | B25: 청룡 | C25: dragon_blue | D25: B | E25: 원거리 | F25: 단발 | G25: 175 | H25: 35.2 | I25: 13 | J25: 2.8 | K25: 4.32 | L25: 0.14 | M25: 0.09 | N25: 7.2 | O25: 4 | P25: 7 | Q25: 4 | R25: =IF(P25=0,0,Q25/P25) -> 0.57142857 | S25: 뇌전 폭주 | T25: 2초간 번개 튕김 확정 | U25: 낙뢰 | V25: 10% 로 옆 적에게 번개 | W25: 뭉친 적 사이로 튕긴다
A26: 술 | B26: 영매 | C26: medium | D26: A | E26: 원거리 | F26: 관통 | G26: 165 | H26: 39.6 | I26: 17 | J26: 2.3 | K26: 4.32 | L26: 0.14 | M26: 0.06 | N26: 7.2 | O26: 4 | P26: 8 | Q26: 4 | R26: =IF(P26=0,0,Q26/P26) -> 0.5 | S26: 골렘 소환 | T26: 골렘이 함께 싸운다 | U26: 강령 | V26: 잡으면 30% 로 해골이 일어선다 | W26: 소환사 · 머릿수로 싸운다
A27: 술 | B27: 샐러맨더 | C27: salamander | D27: B | E27: 원거리 | F27: 확산 | G27: 175 | H27: 35.2 | I27: 15 | J27: 2.3 | K27: 4.1 | L27: 0.14 | M27: 0.12 | N27: 7.1 | O27: 1 | P27: 15 | Q27: 12 | R27: =IF(P27=0,0,Q27/P27) -> 0.8 | S27: 독 뿜기 | T27: 둘레 5 m 의 적을 모두 중독(아프고 느려진다) | U27: 독니 | V27: 10% 로 독 | W27: 술의 기본 · 떼를 늦춘다
A28: 술 | B28: 드라군 | C28: dragoon | D28: A | E28: 원거리 | F28: 확산 | G28: 185 | H28: 37.4 | I28: 20 | J28: 1.88 | K28: 4.1 | L28: 0.2 | M28: 0.15 | N28: 7 | O28: 6 | P28: 2 | Q28: 2 | R28: =IF(P28=0,0,Q28/P28) -> 1 | S28: 화염 지대 | T28: 가장 가까운 적 발밑에 불바다 | U28: 불씨 | V28: 10% 로 화상 | W28: 자리를 태운다
A29: 술 | B29: 흡혈귀 | C29: vampire | D29: A | E29: 원거리 | F29: 단발 | G29: 175 | H29: 37.4 | I29: 13 | J29: 2.8 | K29: 4.54 | L29: 0.17 | M29: 0.15 | N29: 7 | O29: 3 | P29: 9 | Q29: 3 | R29: =IF(P29=0,0,Q29/P29) -> 0.33333333 | S29: 혈연 | T29: 화면의 적 머릿수 × 최대 체력 2% 회복 | U29: 흡혈 | V29: 8% 로 공격력 5% 회복 | W29: 적이 많을수록 산다
A30: 술 | B30: 사신 | C30: death | D30: S | E30: 근거리 | F30: 근접 | G30: 185 | H30: 39.6 | I30: 21 | J30: 1.88 | K30: 4.32 | L30: 0.29 | M30: 0.12 | N30: 1.8 | O30: 6 | P30: 6 | Q30: 1 | R30: =IF(P30=0,0,Q30/P30) -> 0.16666667 | S30: 사신의 시간 | T30: 3초간 때리는 적이 죽는다(중간보스 절반 · 보스 열에 하나) | U30: 망자 소집 | V30: 잡을 때마다 해골이 일어선다 | W30: 판을 뒤집는 한 수 | X30: 유일한 S · 평타 치명타 없음
A32: 읽는 법
A33: 속성 머리줄의 숫자 = 그 속성 몸의 평균(숨긴 몸 제외) · 방 등장 · 답 횟수는 합계.
A34: 직업: 근거리(근접 · 광역) · 중거리(사거리 6 m 이하) · 원거리. 사거리 강화는 직업별 +1% · +0.5% · +0.3% / Lv, 상한 2.8 · 5.9 · 9.5 m.
A35: 등급: B 해금 조각 6 · A 10 · S 14 / 입장료(1챕터) B 60 · A 120 · S 200 골드.
A36: 데뷔 챕터 = 방에 처음 서는 챕터. 아마존 정예는 숨겨 두어 게임에 안 나온다(스킬 미정).

Sheet 속성 요약
A1: 속성 요약
A2: 모든 숫자는 「캐릭터」 시트를 공식으로 읽는다(숨긴 몸 제외). 캐릭터 시트를 고치면 따라 바뀐다.
A4: 속성 | B4: 이긴다 | C4: 진다 | D4: 몸 수 | E4: 근거리 | F4: 중거리 | G4: 원거리 | H4: 평균 체력 | I4: 평균 초당 피해 | J4: 평균 이동 | K4: 평균 치명타 | L4: 평균 방어 | M4: 방 등장 | N4: 답 횟수
A5: 날 | B5: 술 | C5: 힘 | D5: =COUNTIFS(캐릭터!$A$5:$A$30,A5,캐릭터!$C$5:$C$30,"<>",캐릭터!$X$5:$X$30,"<>숨김*")-1 -> 7 | E5: =COUNTIFS(캐릭터!$A$5:$A$30,A5,캐릭터!$E$5:$E$30,"근거리",캐릭터!$X$5:$X$30,"<>숨김*") -> 1 | F5: =COUNTIFS(캐릭터!$A$5:$A$30,A5,캐릭터!$E$5:$E$30,"중거리",캐릭터!$X$5:$X$30,"<>숨김*") -> 3 | G5: =COUNTIFS(캐릭터!$A$5:$A$30,A5,캐릭터!$E$5:$E$30,"원거리",캐릭터!$X$5:$X$30,"<>숨김*") -> 3 | H5: =AVERAGEIFS(캐릭터!$G$5:$G$30,캐릭터!$A$5:$A$30,A5,캐릭터!$E$5:$E$30,"?*",캐릭터!$X$5:$X$30,"<>숨김*") -> 166.42857 | I5: =AVERAGEIFS(캐릭터!$H$5:$H$30,캐릭터!$A$5:$A$30,A5,캐릭터!$E$5:$E$30,"?*",캐릭터!$X$5:$X$30,"<>숨김*") -> 37.085714 | J5: =AVERAGEIFS(캐릭터!$K$5:$K$30,캐릭터!$A$5:$A$30,A5,캐릭터!$E$5:$E$30,"?*",캐릭터!$X$5:$X$30,"<>숨김*") -> 4.54 | K5: =AVERAGEIFS(캐릭터!$L$5:$L$30,캐릭터!$A$5:$A$30,A5,캐릭터!$E$5:$E$30,"?*",캐릭터!$X$5:$X$30,"<>숨김*") -> 0.17 | L5: =AVERAGEIFS(캐릭터!$M$5:$M$30,캐릭터!$A$5:$A$30,A5,캐릭터!$E$5:$E$30,"?*",캐릭터!$X$5:$X$30,"<>숨김*") -> 0.12857143 | M5: =SUMIFS(캐릭터!$P$5:$P$30,캐릭터!$A$5:$A$30,A5,캐릭터!$E$5:$E$30,"?*") -> 61 | N5: =SUMIFS(캐릭터!$Q$5:$Q$30,캐릭터!$A$5:$A$30,A5,캐릭터!$E$5:$E$30,"?*") -> 38
A6: 힘 | B6: 날 | C6: 술 | D6: =COUNTIFS(캐릭터!$A$5:$A$30,A6,캐릭터!$C$5:$C$30,"<>",캐릭터!$X$5:$X$30,"<>숨김*")-1 -> 7 | E6: =COUNTIFS(캐릭터!$A$5:$A$30,A6,캐릭터!$E$5:$E$30,"근거리",캐릭터!$X$5:$X$30,"<>숨김*") -> 3 | F6: =COUNTIFS(캐릭터!$A$5:$A$30,A6,캐릭터!$E$5:$E$30,"중거리",캐릭터!$X$5:$X$30,"<>숨김*") -> 0 | G6: =COUNTIFS(캐릭터!$A$5:$A$30,A6,캐릭터!$E$5:$E$30,"원거리",캐릭터!$X$5:$X$30,"<>숨김*") -> 4 | H6: =AVERAGEIFS(캐릭터!$G$5:$G$30,캐릭터!$A$5:$A$30,A6,캐릭터!$E$5:$E$30,"?*",캐릭터!$X$5:$X$30,"<>숨김*") -> 173.57143 | I6: =AVERAGEIFS(캐릭터!$H$5:$H$30,캐릭터!$A$5:$A$30,A6,캐릭터!$E$5:$E$30,"?*",캐릭터!$X$5:$X$30,"<>숨김*") -> 36.771429 | J6: =AVERAGEIFS(캐릭터!$K$5:$K$30,캐릭터!$A$5:$A$30,A6,캐릭터!$E$5:$E$30,"?*",캐릭터!$X$5:$X$30,"<>숨김*") -> 4.3514286 | K6: =AVERAGEIFS(캐릭터!$L$5:$L$30,캐릭터!$A$5:$A$30,A6,캐릭터!$E$5:$E$30,"?*",캐릭터!$X$5:$X$30,"<>숨김*") -> 0.19571429 | L6: =AVERAGEIFS(캐릭터!$M$5:$M$30,캐릭터!$A$5:$A$30,A6,캐릭터!$E$5:$E$30,"?*",캐릭터!$X$5:$X$30,"<>숨김*") -> 0.17142857 | M6: =SUMIFS(캐릭터!$P$5:$P$30,캐릭터!$A$5:$A$30,A6,캐릭터!$E$5:$E$30,"?*") -> 57 | N6: =SUMIFS(캐릭터!$Q$5:$Q$30,캐릭터!$A$5:$A$30,A6,캐릭터!$E$5:$E$30,"?*") -> 36
A7: 술 | B7: 힘 | C7: 날 | D7: =COUNTIFS(캐릭터!$A$5:$A$30,A7,캐릭터!$C$5:$C$30,"<>",캐릭터!$X$5:$X$30,"<>숨김*")-1 -> 8 | E7: =COUNTIFS(캐릭터!$A$5:$A$30,A7,캐릭터!$E$5:$E$30,"근거리",캐릭터!$X$5:$X$30,"<>숨김*") -> 1 | F7: =COUNTIFS(캐릭터!$A$5:$A$30,A7,캐릭터!$E$5:$E$30,"중거리",캐릭터!$X$5:$X$30,"<>숨김*") -> 0 | G7: =COUNTIFS(캐릭터!$A$5:$A$30,A7,캐릭터!$E$5:$E$30,"원거리",캐릭터!$X$5:$X$30,"<>숨김*") -> 7 | H7: =AVERAGEIFS(캐릭터!$G$5:$G$30,캐릭터!$A$5:$A$30,A7,캐릭터!$E$5:$E$30,"?*",캐릭터!$X$5:$X$30,"<>숨김*") -> 173.75 | I7: =AVERAGEIFS(캐릭터!$H$5:$H$30,캐릭터!$A$5:$A$30,A7,캐릭터!$E$5:$E$30,"?*",캐릭터!$X$5:$X$30,"<>숨김*") -> 37.125 | J7: =AVERAGEIFS(캐릭터!$K$5:$K$30,캐릭터!$A$5:$A$30,A7,캐릭터!$E$5:$E$30,"?*",캐릭터!$X$5:$X$30,"<>숨김*") -> 4.32 | K7: =AVERAGEIFS(캐릭터!$L$5:$L$30,캐릭터!$A$5:$A$30,A7,캐릭터!$E$5:$E$30,"?*",캐릭터!$X$5:$X$30,"<>숨김*") -> 0.17375 | L7: =AVERAGEIFS(캐릭터!$M$5:$M$30,캐릭터!$A$5:$A$30,A7,캐릭터!$E$5:$E$30,"?*",캐릭터!$X$5:$X$30,"<>숨김*") -> 0.11625 | M7: =SUMIFS(캐릭터!$P$5:$P$30,캐릭터!$A$5:$A$30,A7,캐릭터!$E$5:$E$30,"?*") -> 66 | N7: =SUMIFS(캐릭터!$Q$5:$Q$30,캐릭터!$A$5:$A$30,A7,캐릭터!$E$5:$E$30,"?*") -> 36
A8: 합계 | D8: =SUM(D5:D7) -> 22 | E8: =SUM(E5:E7) -> 5 | F8: =SUM(F5:F7) -> 3 | G8: =SUM(G5:G7) -> 14 | M8: =SUM(M5:M7) -> 184 | N8: =SUM(N5:N7) -> 110
A10: 몸 수에서 속성 머리줄 하나를 빼려고 −1 을 한다(머리줄도 C 칸에 값이 있다).
